call_index,call_id,call_sid,stream_sid,turns,stt_ttfb_p50_ms,stt_ttfb_p95_ms,llm_ttfb_p50_ms,llm_ttfb_p95_ms,tts_ttfb_p50_ms,tts_ttfb_p95_ms,e2e_p50_ms,e2e_p95_ms,e2e_p99_ms,e2e_max_ms,interruptions,inbound_frames_decoded,outbound_frames_encoded
0,5e4745b1-edfe-4a79-8ba6-08662cadc318,CA5e4745b1edfe4a798ba608662cadc3,MZ5e4745b1edfe4a798ba608662cadc3,5,55.589,76.615,128.118,153.35,73.611,81.77,255.0,292.684,296.789,297.815,1,4,4
1,bfe70f4e-898d-42ba-83f7-dad309e5882b,CAbfe70f4e898d42ba83f7dad309e588,MZbfe70f4e898d42ba83f7dad309e588,4,75.841,78.287,158.62,169.787,77.696,81.646,304.225,328.671,331.349,332.018,0,4,4
2,d2610568-3b65-490e-b547-a4eb1a59b1b1,CAd26105683b65490eb547a4eb1a59b1,MZd26105683b65490eb547a4eb1a59b1,4,64.588,74.332,151.117,158.591,85.073,85.74,297.39,316.062,318.23,318.772,0,4,4
3,b9d6d704-13ad-40d1-8ddf-1ae3b26caade,CAb9d6d70413ad40d18ddf1ae3b26caa,MZb9d6d70413ad40d18ddf1ae3b26caa,4,61.719,73.831,157.599,171.865,70.422,90.81,298.39,303.658,304.266,304.418,0,4,4
4,582f426f-5279-43dc-80f4-166c492d9639,CA582f426f527943dc80f4166c492d96,MZ582f426f527943dc80f4166c492d96,4,67.752,78.783,130.263,164.589,69.06,85.983,273.724,315.201,320.492,321.815,0,4,4
5,6103134e-e013-4a51-9b62-b74f94993e3e,CA6103134ee0134a519b62b74f94993e,MZ6103134ee0134a519b62b74f94993e,5,70.996,79.849,133.742,167.729,70.0,86.915,290.368,330.162,337.375,339.178,1,4,4
6,667ca76f-d720-42d6-862d-b3bba455cfb9,CA667ca76fd72042d6862db3bba455cf,MZ667ca76fd72042d6862db3bba455cf,4,63.172,67.994,141.728,153.911,76.088,89.261,280.988,309.869,312.184,312.763,0,4,4
7,72ea2e5d-4e47-4e1a-b9cb-0cc59646e3fc,CA72ea2e5d4e474e1ab9cb0cc59646e3,MZ72ea2e5d4e474e1ab9cb0cc59646e3,4,56.469,63.147,155.413,172.494,79.825,92.858,290.422,305.347,305.867,305.997,0,4,4
8,13bd8605-c803-4aa9-adc3-b0cbdd890b96,CA13bd8605c8034aa9adc3b0cbdd890b,MZ13bd8605c8034aa9adc3b0cbdd890b,4,69.839,80.407,126.842,157.311,75.14,89.537,281.359,306.653,309.451,310.151,0,4,4
9,12a17c7e-d184-45d3-ae97-24f775c16462,CA12a17c7ed18445d3ae9724f775c164,MZ12a17c7ed18445d3ae9724f775c164,4,64.616,74.568,148.268,163.387,80.772,92.404,292.551,310.332,312.839,313.466,0,4,4
10,fd5ef152-96b4-4587-b17f-f19bd1d12e10,CAfd5ef15296b44587b17ff19bd1d12e,MZfd5ef15296b44587b17ff19bd1d12e,5,59.508,65.328,130.0,137.252,70.0,91.53,256.688,288.284,292.168,293.139,1,4,4
11,e7b3a9ba-b3ce-46b2-8c09-07291271e12c,CAe7b3a9bab3ce46b28c0907291271e1,MZe7b3a9bab3ce46b28c0907291271e1,4,67.755,79.65,166.687,172.407,71.122,87.369,310.735,324.654,325.973,326.303,0,4,4
12,be0aaa5a-7790-4772-af32-b5923b2781d7,CAbe0aaa5a77904772af32b5923b2781,MZbe0aaa5a77904772af32b5923b2781,4,67.08,79.108,144.739,169.586,69.308,84.734,278.348,312.673,316.622,317.609,0,4,4
13,1dfb4c22-4390-42d8-adb2-8cf061932cee,CA1dfb4c22439042d8adb28cf061932c,MZ1dfb4c22439042d8adb28cf061932c,4,75.236,78.527,168.802,170.691,73.423,85.42,309.741,332.405,335.363,336.102,0,4,4
14,35303468-fb48-4dce-bc5a-9888a07d2fd3,CA35303468fb484dcebc5a9888a07d2f,MZ35303468fb484dcebc5a9888a07d2f,4,71.57,76.117,138.668,149.865,84.274,88.899,291.793,296.904,297.531,297.688,0,4,4
15,2404a0df-02dc-49ef-b45b-6ac51dd94f16,CA2404a0df02dc49efb45b6ac51dd94f,MZ2404a0df02dc49efb45b6ac51dd94f,5,59.051,69.461,150.302,169.214,71.738,80.133,284.235,302.472,305.625,306.413,1,4,4
16,52b17ee8-a4df-4400-b915-a5074e3ca442,CA52b17ee8a4df4400b915a5074e3ca4,MZ52b17ee8a4df4400b915a5074e3ca4,4,67.886,76.688,155.2,170.485,71.527,90.425,295.397,309.607,310.827,311.132,0,4,4
17,485f34e3-9153-4f20-91ad-9b4ba7c4b4ec,CA485f34e391534f2091ad9b4ba7c4b4,MZ485f34e391534f2091ad9b4ba7c4b4,4,58.922,61.341,157.438,169.42,70.66,73.667,281.73,301.043,302.9,303.364,0,4,4
18,08ed3850-d377-4021-b090-e8e57932a884,CA08ed3850d3774021b090e8e57932a8,MZ08ed3850d3774021b090e8e57932a8,4,59.405,73.907,128.813,163.053,69.511,83.825,264.235,300.99,304.314,305.145,0,4,4
19,98089b7f-0f72-4cb5-92e2-3834c07925f6,CA98089b7f0f724cb592e23834c07925,MZ98089b7f0f724cb592e23834c07925,4,72.355,77.647,132.947,146.654,82.788,93.298,281.813,312.83,314.845,315.349,0,4,4
20,8f24e36f-1173-4cea-a926-76b9d4ba6fb0,CA8f24e36f11734ceaa92676b9d4ba6f,MZ8f24e36f11734ceaa92676b9d4ba6f,5,74.957,79.951,146.37,168.014,70.0,92.175,294.004,330.904,336.255,337.593,1,4,4
21,637a9f0e-35b9-4eee-ab65-01faf5d0a3d9,CA637a9f0e35b94eeeab6501faf5d0a3,MZ637a9f0e35b94eeeab6501faf5d0a3,4,68.344,78.278,164.732,170.839,67.481,77.125,301.095,312.664,314.127,314.493,0,4,4
22,290b3611-5a1a-4b74-a7bb-1579765e60b8,CA290b36115a1a4b74a7bb1579765e60,MZ290b36115a1a4b74a7bb1579765e60,4,72.2,77.182,136.874,158.97,62.986,88.468,274.692,303.362,307.096,308.03,0,4,4
23,36e7ef9f-6c95-420e-9480-61d9d4ea7c58,CA36e7ef9f6c95420e948061d9d4ea7c,MZ36e7ef9f6c95420e948061d9d4ea7c,4,60.8,79.084,141.292,169.008,73.344,83.448,274.423,319.347,323.107,324.047,0,4,4
24,095f276b-f642-4640-8e38-c1e49fe82ab6,CA095f276bf64246408e38c1e49fe82a,MZ095f276bf64246408e38c1e49fe82a,4,59.808,65.621,127.173,165.053,74.007,82.977,265.654,300.969,305.527,306.666,0,4,4
25,835767a4-e4f5-4c27-9d82-fdd69ee96649,CA835767a4e4f54c279d82fdd69ee966,MZ835767a4e4f54c279d82fdd69ee966,5,55.0,60.215,128.038,139.031,78.272,88.772,256.089,279.494,283.054,283.944,1,4,4
26,a491b300-df05-4532-a6cc-b7b7fe464f77,CAa491b300df054532a6ccb7b7fe464f,MZa491b300df054532a6ccb7b7fe464f,4,66.385,78.002,138.464,152.534,80.646,92.717,289.303,301.677,302.567,302.79,0,4,4
27,8d3a4145-924f-440d-a605-ea58555792af,CA8d3a4145924f440da605ea58555792,MZ8d3a4145924f440da605ea58555792,4,64.903,76.734,148.944,164.151,73.438,84.309,285.702,304.881,305.624,305.81,0,4,4
28,eccc4f57-dad8-4dc9-9bfc-eb5b7ed69514,CAeccc4f57dad84dc99bfceb5b7ed695,MZeccc4f57dad84dc99bfceb5b7ed695,4,64.885,76.106,142.763,162.608,73.715,77.848,279.706,312.191,314.487,315.061,0,4,4
29,138e6ee6-f5c8-4a71-9663-280f33b85554,CA138e6ee6f5c84a719663280f33b855,MZ138e6ee6f5c84a719663280f33b855,4,65.331,77.174,148.654,154.408,81.326,92.133,292.232,306.434,307.545,307.823,0,4,4
30,d5630fdf-fba1-40f9-b5e9-237506ba314e,CAd5630fdffba140f9b5e9237506ba31,MZd5630fdffba140f9b5e9237506ba31,5,57.892,62.919,160.613,170.541,73.399,89.155,294.828,318.394,321.708,322.536,1,4,4
31,3212ae80-19f7-46fd-8e93-492116059141,CA3212ae8019f746fd8e934921160591,MZ3212ae8019f746fd8e934921160591,4,61.552,67.322,140.897,167.3,78.997,90.445,282.935,301.066,303.416,304.004,0,4,4
32,28139f2e-382f-436e-96ce-dcb192b6b3b1,CA28139f2e382f436e96cedcb192b6b3,MZ28139f2e382f436e96cedcb192b6b3,4,62.265,79.19,155.275,171.05,72.002,85.44,292.735,319.002,322.448,323.309,0,4,4
33,03c39500-6f8f-486e-9009-5da9f5d77823,CA03c395006f8f486e90095da9f5d778,MZ03c395006f8f486e90095da9f5d778,4,59.537,78.713,165.115,170.43,78.609,91.966,291.768,310.274,312.679,313.28,0,4,4
34,7f666dee-d72f-4836-86c2-7a66fbf2aead,CA7f666deed72f483686c27a66fbf2ae,MZ7f666deed72f483686c27a66fbf2ae,4,63.052,70.922,164.402,171.782,89.637,94.122,309.286,317.583,317.759,317.803,0,4,4
35,9bdae19f-6b2c-41d8-9181-0cb668d49249,CA9bdae19f6b2c41d891810cb668d492,MZ9bdae19f6b2c41d891810cb668d492,5,62.828,65.861,124.862,129.66,70.0,86.917,255.0,273.285,276.858,277.751,1,4,4
36,b6ad5b35-a5aa-4e7e-9285-ad0b31f1a6eb,CAb6ad5b35a5aa4e7e9285ad0b31f1a6,MZb6ad5b35a5aa4e7e9285ad0b31f1a6,4,62.291,65.837,164.685,173.387,81.469,85.12,305.511,319.726,320.831,321.107,0,4,4
37,d17bb1d7-b2e0-49ba-a287-3f20dfc753b3,CAd17bb1d7b2e049baa2873f20dfc753,MZd17bb1d7b2e049baa2873f20dfc753,4,66.805,75.826,149.416,169.018,71.821,78.337,285.695,315.221,315.599,315.694,0,4,4
38,e876e3d2-6ae1-4ea1-aa1b-0f1bfb3ca5ce,CAe876e3d26ae14ea1aa1b0f1bfb3ca5,MZe876e3d26ae14ea1aa1b0f1bfb3ca5,4,67.705,80.139,145.28,161.016,79.273,92.805,295.068,314.576,317.021,317.632,0,4,4
39,61a97bad-6351-4f9b-aba1-3bd399ed2fd7,CA61a97bad63514f9baba13bd399ed2f,MZ61a97bad63514f9baba13bd399ed2f,4,69.619,81.503,136.166,167.512,66.483,89.003,278.517,319.077,322.465,323.312,0,4,4
40,65c06d68-1dc8-45d6-a827-8d566523fa16,CA65c06d681dc845d6a8278d566523fa,MZ65c06d681dc845d6a8278d566523fa,5,63.707,75.159,141.874,169.27,72.444,91.69,278.025,317.484,318.87,319.217,1,4,4
41,085c74f0-d6bf-46af-aeb6-e5986bce54e9,CA085c74f0d6bf46afaeb6e5986bce54,MZ085c74f0d6bf46afaeb6e5986bce54,4,72.125,77.102,141.815,151.705,74.461,89.772,290.031,302.87,303.888,304.142,0,4,4
42,b775a335-3728-48e7-8fbb-33c90ce64f8f,CAb775a335372848e78fbb33c90ce64f,MZb775a335372848e78fbb33c90ce64f,4,59.306,74.813,159.209,172.773,84.659,93.74,299.589,336.945,339.255,339.832,0,4,4
43,0f18227b-410d-46a8-94b9-ff4a711b83a5,CA0f18227b410d46a894b9ff4a711b83,MZ0f18227b410d46a894b9ff4a711b83,4,70.37,80.216,149.668,167.037,81.856,90.537,305.692,330.071,330.506,330.615,0,4,4
44,8ef5bc96-f75e-4cfb-82fa-1ee1d38bbba8,CA8ef5bc96f75e4cfb82fa1ee1d38bbb,MZ8ef5bc96f75e4cfb82fa1ee1d38bbb,4,59.521,70.635,150.046,173.084,72.84,81.06,279.217,311.862,314.285,314.891,0,4,4
45,a0d7233d-2d21-47d4-b826-cb50147a4d60,CAa0d7233d2d2147d4b826cb50147a4d,MZa0d7233d2d2147d4b826cb50147a4d,5,74.324,78.286,142.981,158.061,91.585,93.256,292.672,325.23,328.316,329.087,1,4,4
46,aaf30422-5a97-44b0-8e16-8be26117d5d2,CAaaf304225a9744b08e168be26117d5,MZaaf304225a9744b08e168be26117d5,4,71.726,75.137,159.188,166.521,81.064,91.825,310.548,323.08,324.619,325.004,0,4,4
47,f663dd2f-40db-4deb-a94d-bad892d5c6e9,CAf663dd2f40db4deba94dbad892d5c6,MZf663dd2f40db4deba94dbad892d5c6,4,54.499,57.939,152.37,165.181,78.859,82.604,288.151,294.583,294.661,294.68,0,4,4
48,f4bea9e9-d208-4bf7-be6a-5624ef82a576,CAf4bea9e9d2084bf7be6a5624ef82a5,MZf4bea9e9d2084bf7be6a5624ef82a5,4,67.125,75.739,134.049,142.133,84.26,93.958,293.879,296.046,296.297,296.36,0,4,4
49,7ff4f28b-5b8c-438f-b5f5-81e6d4e6aae2,CA7ff4f28b5b8c438fb5f581e6d4e6aa,MZ7ff4f28b5b8c438fb5f581e6d4e6aa,4,63.091,67.214,143.441,170.343,66.534,82.726,270.852,295.714,297.936,298.492,0,4,4
50,c3110d7f-772d-4f62-9648-300e7c7371c5,CAc3110d7f772d4f629648300e7c7371,MZc3110d7f772d4f629648300e7c7371,5,64.357,69.465,146.582,160.508,67.536,79.438,276.788,304.193,308.686,309.809,1,4,4
51,e5310520-0e84-4c91-8bd5-2abe30227f97,CAe53105200e844c918bd52abe30227f,MZe53105200e844c918bd52abe30227f,4,68.038,72.466,131.425,140.018,78.355,92.028,272.043,299.469,303.04,303.933,0,4,4
52,cad18c4e-2dd4-49ab-bc07-4c547ca67c8e,CAcad18c4e2dd449abbc074c547ca67c,MZcad18c4e2dd449abbc074c547ca67c,4,58.9,70.614,163.57,172.479,80.97,84.689,300.316,318.961,321.103,321.638,0,4,4
53,10593573-c0e0-43ff-b236-95b91fe77ead,CA10593573c0e043ffb23695b91fe77e,MZ10593573c0e043ffb23695b91fe77e,4,64.143,73.015,166.625,173.894,75.282,81.765,307.976,312.64,312.652,312.655,0,4,4
54,e70b539c-5988-4cbe-8047-752cf7246f41,CAe70b539c59884cbe8047752cf7246f,MZe70b539c59884cbe8047752cf7246f,4,57.812,76.828,133.34,168.812,87.698,92.436,265.939,333.512,343.022,345.399,0,4,4
55,77de215e-2b2e-4aa8-a2de-3272882d0234,CA77de215e2b2e4aa8a2de3272882d02,MZ77de215e2b2e4aa8a2de3272882d02,5,62.142,71.043,145.123,149.744,82.187,91.349,291.532,302.652,304.767,305.296,1,4,4
56,dd11c548-ba59-437b-9244-00b51f6f569e,CAdd11c548ba59437b924400b51f6f56,MZdd11c548ba59437b924400b51f6f56,4,72.082,80.285,159.835,162.914,79.358,88.799,315.181,316.02,316.086,316.102,0,4,4
57,89638c0e-63c9-49b2-82d1-d870fd212439,CA89638c0e63c949b282d1d870fd2124,MZ89638c0e63c949b282d1d870fd2124,4,70.43,77.35,145.135,161.06,83.355,92.985,290.543,315.555,317.745,318.293,0,4,4
58,409532cf-edc5-4058-80dc-5a29f902c3a7,CA409532cfedc5405880dc5a29f902c3,MZ409532cfedc5405880dc5a29f902c3,4,65.992,72.329,123.745,145.765,86.244,88.848,273.406,304.513,307.983,308.851,0,4,4
59,93fc78c7-b627-4a9b-ab41-9b11ccb0d762,CA93fc78c7b6274a9bab419b11ccb0d7,MZ93fc78c7b6274a9bab419b11ccb0d7,4,67.632,76.239,131.599,142.378,75.669,78.477,269.241,276.599,277.634,277.893,0,4,4
60,01dc9a6a-e062-4af1-9503-dcdc81401a37,CA01dc9a6ae0624af19503dcdc81401a,MZ01dc9a6ae0624af19503dcdc81401a,5,65.176,70.382,160.937,170.362,78.096,87.758,295.011,322.94,325.467,326.099,1,4,4
61,e305b7ba-5745-45bb-ae2a-2306875be4cd,CAe305b7ba574545bbae2a2306875be4,MZe305b7ba574545bbae2a2306875be4,4,58.981,70.563,168.942,173.695,75.894,85.919,296.018,308.596,310.104,310.481,0,4,4
62,cc121922-24eb-4d23-888d-0b20c40902f1,CAcc12192224eb4d23888d0b20c40902,MZcc12192224eb4d23888d0b20c40902,4,55.919,70.709,170.016,174.411,69.595,78.533,297.379,305.757,305.941,305.987,0,4,4
63,4e4c9a51-9c58-4fc9-bd68-6e996f23fa40,CA4e4c9a519c584fc9bd686e996f23fa,MZ4e4c9a519c584fc9bd686e996f23fa,4,77.663,78.929,136.736,167.405,65.664,82.377,285.445,305.958,307.503,307.889,0,4,4
64,740e8ebd-3747-4965-a01c-de79056f110e,CA740e8ebd37474965a01cde79056f11,MZ740e8ebd37474965a01cde79056f11,4,55.04,61.475,154.93,161.056,71.73,87.884,287.342,301.318,302.592,302.91,0,4,4
65,df97729f-a609-483d-921d-67d0f2bf4ab4,CAdf97729fa609483d921d67d0f2bf4a,MZdf97729fa609483d921d67d0f2bf4a,5,60.137,70.169,134.593,166.288,70.0,83.824,271.141,307.419,311.037,311.942,1,4,4
66,03318876-521c-47d8-9946-5cdc99bf5d86,CA03318876521c47d899465cdc99bf5d,MZ03318876521c47d899465cdc99bf5d,4,65.548,76.378,131.496,157.219,76.529,85.517,265.658,312.98,319.408,321.015,0,4,4
67,9a7a4d27-7060-42f0-9549-0a3532bc92fc,CA9a7a4d27706042f095490a3532bc92,MZ9a7a4d27706042f095490a3532bc92,4,69.03,73.764,140.445,165.635,72.778,78.653,278.264,301.317,304.319,305.069,0,4,4
68,5de26909-0319-4143-acab-d89490e31bb0,CA5de2690903194143acabd89490e31b,MZ5de2690903194143acabd89490e31b,4,68.974,78.764,147.352,160.78,77.497,84.592,285.561,315.136,318.596,319.461,0,4,4
69,ee56e4cf-e3b4-4842-8f9f-dc22e3c87d86,CAee56e4cfe3b448428f9fdc22e3c87d,MZee56e4cfe3b448428f9fdc22e3c87d,4,55.502,77.92,156.16,160.118,76.827,79.961,290.452,298.174,298.349,298.393,0,4,4
70,969a1840-0487-4cf2-b3c9-234ee22838e2,CA969a184004874cf2b3c9234ee22838,MZ969a184004874cf2b3c9234ee22838,5,59.541,81.093,158.435,172.096,70.0,73.866,285.807,323.872,326.516,327.177,1,4,4
71,15c40ef4-229d-4131-88fc-b36396835df7,CA15c40ef4229d413188fcb36396835d,MZ15c40ef4229d413188fcb36396835d,4,75.328,77.831,128.047,166.648,75.352,91.369,285.865,320.055,323.661,324.562,0,4,4
72,2b0c2bec-4ae3-4e42-bd35-84d09c4499a9,CA2b0c2bec4ae34e42bd3584d09c4499,MZ2b0c2bec4ae34e42bd3584d09c4499,4,65.81,71.601,140.704,165.74,75.37,88.989,287.825,308.594,310.026,310.384,0,4,4
73,19466d16-0363-456a-b279-3c465f00978c,CA19466d160363456ab2793c465f0097,MZ19466d160363456ab2793c465f0097,4,65.829,70.242,163.401,168.341,69.742,79.144,296.015,306.646,306.76,306.789,0,4,4
74,5780e300-3621-43ca-9004-c83aae6c0b27,CA5780e300362143ca9004c83aae6c0b,MZ5780e300362143ca9004c83aae6c0b,4,66.408,73.428,135.757,153.246,69.462,90.258,283.149,293.246,293.693,293.805,0,4,4
75,397c1e3d-1023-49a3-a742-cc1fd0327fb1,CA397c1e3d102349a3a742cc1fd0327f,MZ397c1e3d102349a3a742cc1fd0327f,5,56.927,75.873,143.05,159.089,86.181,93.118,286.167,319.485,323.718,324.776,1,4,4
76,4dbe9c53-c518-46a4-86d3-4b1cce4278cd,CA4dbe9c53c51846a486d34b1cce4278,MZ4dbe9c53c51846a486d34b1cce4278,4,70.102,73.297,155.406,161.441,81.587,90.969,309.117,317.561,318.411,318.623,0,4,4
77,d6dfa262-af9f-480f-8587-655d76a8e8a7,CAd6dfa262af9f480f8587655d76a8e8,MZd6dfa262af9f480f8587655d76a8e8,4,75.386,79.534,164.238,168.815,71.244,88.985,312.829,326.851,328.449,328.849,0,4,4
78,29a95a27-73ab-4ffd-8503-ade17a01b0ac,CA29a95a2773ab4ffd8503ade17a01b0,MZ29a95a2773ab4ffd8503ade17a01b0,4,64.441,69.492,148.666,160.078,64.95,68.234,276.438,293.699,295.438,295.873,0,4,4
79,2f634209-3770-4e2c-879e-65f41321551a,CA2f63420937704e2c879e65f4132155,MZ2f63420937704e2c879e65f4132155,4,64.348,73.587,136.401,148.183,81.571,91.063,279.858,296.081,297.772,298.195,0,4,4
80,1438d20c-661f-4209-a3c0-982a8be58898,CA1438d20c661f4209a3c0982a8be588,MZ1438d20c661f4209a3c0982a8be588,5,72.111,77.887,135.474,151.73,70.0,93.759,281.545,309.998,314.131,315.164,1,4,4
81,80b2449d-bac8-45a9-ad21-040e461abd47,CA80b2449dbac845a9ad21040e461abd,MZ80b2449dbac845a9ad21040e461abd,4,71.528,77.01,146.459,148.941,80.2,88.255,287.542,308.992,309.523,309.656,0,4,4
82,e944a725-b434-459c-8b5b-462091ff5b5d,CAe944a725b434459c8b5b462091ff5b,MZe944a725b434459c8b5b462091ff5b,4,58.992,72.023,150.87,165.176,76.669,91.975,291.287,306.205,307.968,308.409,0,4,4
83,64761f7f-7b94-4ddb-8309-acb780a945c1,CA64761f7f7b944ddb8309acb780a945,MZ64761f7f7b944ddb8309acb780a945,4,63.082,64.855,148.312,161.45,76.52,92.494,275.748,312.309,317.416,318.693,0,4,4
84,38c6ac96-4917-4162-a31f-b60abaed46c4,CA38c6ac9649174162a31fb60abaed46,MZ38c6ac9649174162a31fb60abaed46,4,77.791,80.778,143.981,169.308,83.236,86.607,307.563,314.492,315.098,315.249,0,4,4
85,876447cd-ebc1-479c-b0a2-6ca5bb78b4e7,CA876447cdebc1479cb0a26ca5bb78b4,MZ876447cdebc1479cb0a26ca5bb78b4,5,71.798,78.4,130.0,166.219,70.579,88.941,281.805,301.236,303.246,303.749,1,4,4
86,b0e629be-22cd-4c7b-b1eb-68aa7a3d396d,CAb0e629be22cd4c7bb1eb68aa7a3d39,MZb0e629be22cd4c7bb1eb68aa7a3d39,4,55.704,72.405,149.589,155.032,66.612,76.023,268.601,288.092,290.787,291.461,0,4,4
87,6edcabdc-4b5a-4a1c-9d6d-f4ca9075eeca,CA6edcabdc4b5a4a1c9d6df4ca9075ee,MZ6edcabdc4b5a4a1c9d6df4ca9075ee,4,80.058,81.47,147.474,166.811,82.964,90.342,314.613,325.265,325.496,325.554,0,4,4
88,1b8ee499-f59a-4531-b224-2d04bb0da70f,CA1b8ee499f59a4531b2242d04bb0da7,MZ1b8ee499f59a4531b2242d04bb0da7,4,75.267,80.023,149.827,169.577,83.388,90.846,309.481,333.946,334.53,334.676,0,4,4
89,64d6c398-61d0-4a26-a719-3f7c40cb02d2,CA64d6c39861d04a26a7193f7c40cb02,MZ64d6c39861d04a26a7193f7c40cb02,4,71.513,73.053,146.585,163.097,83.475,93.797,302.582,315.363,315.789,315.895,0,4,4
90,54fc2cc9-22c3-4f06-8fcc-0abda6b83e7a,CA54fc2cc922c34f068fcc0abda6b83e,MZ54fc2cc922c34f068fcc0abda6b83e,5,62.229,75.9,130.0,162.19,82.882,86.735,282.194,315.188,321.657,323.274,1,4,4
91,c1d6fd2e-ac74-48f3-aa0a-656f77aceea6,CAc1d6fd2eac7448f3aa0a656f77acee,MZc1d6fd2eac7448f3aa0a656f77acee,4,73.117,79.919,145.513,161.87,72.754,89.53,289.086,306.887,307.641,307.829,0,4,4
92,b303aa43-1c76-4117-9c17-cfd1ce3fc728,CAb303aa431c7641179c17cfd1ce3fc7,MZb303aa431c7641179c17cfd1ce3fc7,4,62.942,66.808,137.325,146.515,88.749,89.541,293.217,295.727,296.081,296.169,0,4,4
93,0b778147-11d6-420a-a0f2-b0993af58e7f,CA0b77814711d6420aa0f2b0993af58e,MZ0b77814711d6420aa0f2b0993af58e,4,60.994,77.762,161.839,167.477,71.336,77.161,289.961,298.437,299.578,299.863,0,4,4
94,3180f22d-5ca8-48cf-8e81-91fabaf3a0c2,CA3180f22d5ca848cf8e8191fabaf3a0,MZ3180f22d5ca848cf8e8191fabaf3a0,4,68.01,73.926,129.706,156.913,78.186,88.697,275.245,293.334,294.913,295.308,0,4,4
95,2d18bd78-e964-4d82-a15b-94deb4e1526e,CA2d18bd78e9644d82a15b94deb4e152,MZ2d18bd78e9644d82a15b94deb4e152,5,57.104,67.53,130.0,164.479,77.297,90.291,261.166,299.69,303.149,304.014,1,4,4
96,584c793e-0cb5-4d9c-9427-7046586bda61,CA584c793e0cb54d9c94277046586bda,MZ584c793e0cb54d9c94277046586bda,4,69.907,77.093,133.296,146.407,88.367,92.257,284.492,305.596,308.387,309.085,0,4,4
97,41cd3bf2-0aed-43e5-a942-67a029e7b281,CA41cd3bf20aed43e5a94267a029e7b2,MZ41cd3bf20aed43e5a94267a029e7b2,4,70.566,81.031,139.239,165.26,63.299,74.146,281.495,299.735,301.057,301.388,0,4,4
98,e8726d14-89f4-44a5-8cc6-03073d525d1e,CAe8726d1489f444a58cc603073d525d,MZe8726d1489f444a58cc603073d525d,4,73.434,75.835,123.206,158.428,69.662,79.445,264.046,312.624,318.6,320.094,0,4,4
99,ad799646-7ab7-4afc-a1e5-6f68cee5613d,CAad7996467ab74afca1e56f68cee561,MZad7996467ab74afca1e56f68cee561,4,72.529,78.733,147.553,151.319,70.7,88.489,288.698,298.962,299.936,300.18,0,4,4
100,485bc5a2-dbf7-415d-afde-281462800350,CA485bc5a2dbf7415dafde2814628003,MZ485bc5a2dbf7415dafde2814628003,5,55.0,64.246,130.0,167.346,70.0,81.37,256.728,298.08,303.966,305.437,1,4,4
101,c54cbff7-80bf-4edf-b255-7155a807e20e,CAc54cbff780bf4edfb2557155a807e2,MZc54cbff780bf4edfb2557155a807e2,4,64.692,72.637,127.774,151.954,81.463,88.668,274.754,300.635,302.489,302.952,0,4,4
102,c85fa22b-0957-4a7c-9304-63e2da868194,CAc85fa22b09574a7c930463e2da8681,MZc85fa22b09574a7c930463e2da8681,4,52.14,75.059,149.095,172.194,73.261,89.333,292.831,302.706,302.923,302.977,0,4,4
103,5506c142-4041-42fe-9d71-eb47385d8e7d,CA5506c142404142fe9d71eb47385d8e,MZ5506c142404142fe9d71eb47385d8e,4,69.596,72.673,132.899,143.873,85.535,90.843,274.957,304.282,308.039,308.978,0,4,4
104,479541bf-86fa-437f-8310-f9f64708d498,CA479541bf86fa437f8310f9f64708d4,MZ479541bf86fa437f8310f9f64708d4,4,69.16,77.198,138.434,159.375,71.914,82.409,279.144,304.97,306.948,307.443,0,4,4
105,fb826ae0-68b1-4237-9d7a-16035dbb1e35,CAfb826ae068b142379d7a16035dbb1e,MZfb826ae068b142379d7a16035dbb1e,5,55.0,72.437,132.129,167.67,73.954,78.944,262.168,308.774,311.693,312.423,1,4,4
106,453f01b4-b135-4a78-bffa-7af217b766de,CA453f01b4b1354a78bffa7af217b766,MZ453f01b4b1354a78bffa7af217b766,4,63.445,65.25,128.847,138.869,76.029,85.451,270.34,281.199,282.401,282.702,0,4,4
107,75bf0b0c-7cf1-435a-9c77-ed469afc934f,CA75bf0b0c7cf1435a9c77ed469afc93,MZ75bf0b0c7cf1435a9c77ed469afc93,4,72.635,77.952,156.029,171.778,66.007,87.872,293.142,329.18,332.722,333.608,0,4,4
108,ae8888cf-75be-4239-bfe3-7428886d925b,CAae8888cf75be4239bfe37428886d92,MZae8888cf75be4239bfe37428886d92,4,63.502,68.102,162.93,169.422,85.523,90.729,301.048,310.166,310.704,310.838,0,4,4
109,21432bc9-7c66-47a3-9dae-636cb3954f27,CA21432bc97c6647a39dae636cb3954f,MZ21432bc97c6647a39dae636cb3954f,4,71.64,75.358,129.351,140.148,81.742,88.493,273.634,299.022,302.478,303.342,0,4,4
110,0c3d5cfb-e154-4774-83ba-3dd31264d0ea,CA0c3d5cfbe154477483ba3dd31264d0,MZ0c3d5cfbe154477483ba3dd31264d0,5,61.733,75.917,130.0,155.217,70.0,83.422,261.504,283.252,283.511,283.576,1,4,4
111,0a8b22bd-56a8-483b-a1ba-85ef000b5a9b,CA0a8b22bd56a8483ba1ba85ef000b5a,MZ0a8b22bd56a8483ba1ba85ef000b5a,4,61.163,62.636,125.005,129.46,65.811,72.601,252.531,258.822,259.263,259.373,0,4,4
112,502903c5-43fe-453f-b191-56ce044ed4cf,CA502903c543fe453fb19156ce044ed4,MZ502903c543fe453fb19156ce044ed4,4,58.008,70.968,142.281,161.895,71.012,83.58,267.927,293.099,294.907,295.359,0,4,4
113,f06198d9-6437-4360-a821-56e697c5ac91,CAf06198d964374360a82156e697c5ac,MZf06198d964374360a82156e697c5ac,4,75.656,81.76,142.823,169.993,85.311,93.819,301.691,316.551,318.173,318.579,0,4,4
114,61cd51bb-e9ed-43d2-a98f-b382e18f1f12,CA61cd51bbe9ed43d2a98fb382e18f1f,MZ61cd51bbe9ed43d2a98fb382e18f1f,4,62.294,66.851,162.53,168.345,81.584,88.959,306.236,320.581,322.408,322.865,0,4,4
115,9871404b-c3ef-44eb-ad2f-9cdeae40bc3e,CA9871404bc3ef44ebad2f9cdeae40bc,MZ9871404bc3ef44ebad2f9cdeae40bc,5,65.43,71.259,141.057,152.056,70.0,89.503,268.791,307.685,315.297,317.2,1,4,4
116,9e2e4c4d-5717-46c8-bac4-64c2b516d263,CA9e2e4c4d571746c8bac464c2b516d2,MZ9e2e4c4d571746c8bac464c2b516d2,4,66.967,72.745,159.178,173.07,91.046,92.133,312.241,323.695,324.493,324.693,0,4,4
117,94deafa8-97f9-48fc-a52f-bb2c2218643e,CA94deafa897f948fca52fbb2c221864,MZ94deafa897f948fca52fbb2c221864,4,77.472,81.543,154.755,170.806,78.934,84.542,302.515,322.182,324.467,325.038,0,4,4
118,38189066-b59f-4445-b11d-63a9c559e421,CA38189066b59f4445b11d63a9c559e4,MZ38189066b59f4445b11d63a9c559e4,4,64.666,76.785,168.632,174.027,73.327,81.023,309.899,319.689,320.882,321.18,0,4,4
119,dd11f473-d6e5-4f56-a87f-1ba14686b161,CAdd11f473d6e54f56a87f1ba14686b1,MZdd11f473d6e54f56a87f1ba14686b1,4,62.108,78.417,129.632,142.594,82.648,94.285,277.708,300.737,302.229,302.602,0,4,4
120,a135dcdc-bb45-4edb-89d2-eb2eb31570b7,CAa135dcdcbb454edb89d2eb2eb31570,MZa135dcdcbb454edb89d2eb2eb31570,5,62.246,78.196,134.549,153.423,83.56,90.615,281.781,315.452,317.963,318.591,1,4,4
121,f5bb2d95-dd70-4091-b6a8-048a75b27255,CAf5bb2d95dd704091b6a8048a75b272,MZf5bb2d95dd704091b6a8048a75b272,4,61.032,66.953,130.135,158.024,79.881,91.214,273.716,293.446,296.174,296.856,0,4,4
122,914c3347-199e-42cd-8975-938ea03ed0c1,CA914c3347199e42cd8975938ea03ed0,MZ914c3347199e42cd8975938ea03ed0,4,61.833,77.863,150.846,162.623,84.123,90.953,297.706,323.709,326.303,326.952,0,4,4
123,7ff32cc4-5431-420e-8338-cd2e681a4c32,CA7ff32cc45431420e8338cd2e681a4c,MZ7ff32cc45431420e8338cd2e681a4c,4,67.564,73.701,142.173,167.819,85.626,90.816,299.042,325.696,329.114,329.968,0,4,4
124,66dbc28b-dd62-405a-bdc1-2a33f6d70926,CA66dbc28bdd62405abdc12a33f6d709,MZ66dbc28bdd62405abdc12a33f6d709,4,57.688,62.87,143.739,165.029,65.67,87.901,277.849,300.747,301.179,301.287,0,4,4
125,ce5eec27-6760-4f46-95f6-e779a8d15d67,CAce5eec2767604f4695f6e779a8d15d,MZce5eec2767604f4695f6e779a8d15d,5,71.093,80.273,156.312,173.345,75.825,90.237,303.23,326.43,330.295,331.261,1,4,4
126,e06ab5c6-8975-458f-93a0-7544531789c3,CAe06ab5c68975458f93a07544531789,MZe06ab5c68975458f93a07544531789,4,54.575,64.867,121.057,131.675,76.492,88.396,257.438,273.791,275.987,276.536,0,4,4
127,790dc86b-397f-4138-ac51-2e30dd5164e1,CA790dc86b397f4138ac512e30dd5164,MZ790dc86b397f4138ac512e30dd5164,4,63.023,69.135,144.127,164.01,62.505,69.318,270.629,289.295,289.668,289.761,0,4,4
128,773ee121-874c-49f7-ad9a-44c9acadcf42,CA773ee121874c49f7ad9a44c9acadcf,MZ773ee121874c49f7ad9a44c9acadcf,4,52.519,72.736,135.29,145.323,85.017,90.96,274.68,290.969,292.95,293.445,0,4,4
129,9cd884e5-6f8b-493e-b14e-8f84656be772,CA9cd884e56f8b493eb14e8f84656be7,MZ9cd884e56f8b493eb14e8f84656be7,4,61.809,75.203,140.176,166.242,75.778,91.495,285.062,312.65,313.132,313.253,0,4,4
130,10a738a0-6d3a-485d-8874-ff1eaeed4371,CA10a738a06d3a485d8874ff1eaeed43,MZ10a738a06d3a485d8874ff1eaeed43,5,57.114,76.052,140.557,159.156,70.0,91.048,279.955,308.447,310.395,310.882,1,4,4
131,08b1ee00-5e8c-486f-a15d-d0018460bfe5,CA08b1ee005e8c486fa15dd0018460bf,MZ08b1ee005e8c486fa15dd0018460bf,4,68.863,74.204,125.472,161.369,77.761,91.99,265.582,323.729,331.317,333.214,0,4,4
132,98530e37-55f4-473c-81ae-a3841883eaff,CA98530e3755f4473c81aea3841883ea,MZ98530e3755f4473c81aea3841883ea,4,57.564,78.127,147.897,162.461,74.179,75.15,283.062,289.981,289.994,289.997,0,4,4
133,066102c6-a57d-4697-ad07-3c11e026be6f,CA066102c6a57d4697ad073c11e026be,MZ066102c6a57d4697ad073c11e026be,4,72.984,80.766,139.25,148.206,69.752,75.082,286.209,292.9,293.364,293.48,0,4,4
134,4d911767-5605-46c6-aba4-ffd882cde5c0,CA4d911767560546c6aba4ffd882cde5,MZ4d911767560546c6aba4ffd882cde5,4,59.163,61.373,144.473,167.856,73.144,83.448,274.377,310.986,315.273,316.345,0,4,4
135,f89ab373-0adb-4c63-af5e-742db2ea5ba7,CAf89ab3730adb4c63af5e742db2ea5b,MZf89ab3730adb4c63af5e742db2ea5b,5,58.658,78.206,137.622,163.634,71.768,90.937,285.649,322.767,329.233,330.849,1,4,4
136,ada7c15e-30e9-41f7-b9fe-a78263167071,CAada7c15e30e941f7b9fea782631670,MZada7c15e30e941f7b9fea782631670,4,62.717,79.221,131.626,162.003,87.38,90.838,272.019,328.373,336.257,338.228,0,4,4
137,97803ba2-9e4a-473a-b24e-1198abf8ef8a,CA97803ba29e4a473ab24e1198abf8ef,MZ97803ba29e4a473ab24e1198abf8ef,4,62.877,75.992,134.242,146.777,86.18,93.641,285.202,294.686,295.968,296.288,0,4,4
138,781b61bc-80a2-4ebf-bedb-57fee32f7f17,CA781b61bc80a24ebfbedb57fee32f7f,MZ781b61bc80a24ebfbedb57fee32f7f,4,54.898,60.231,150.361,172.316,71.436,80.775,287.186,295.486,296.364,296.584,0,4,4
139,07f3e90c-9d96-4ec8-9adf-2f0a8693f5d9,CA07f3e90c9d964ec89adf2f0a8693f5,MZ07f3e90c9d964ec89adf2f0a8693f5,4,64.745,79.181,118.96,153.302,80.969,91.382,281.636,294.46,295.903,296.264,0,4,4
140,ec5f72f4-f93e-4ad9-ae3e-3835ab378f50,CAec5f72f4f93e4ad9ae3e3835ab378f,MZec5f72f4f93e4ad9ae3e3835ab378f,5,59.921,76.734,134.842,156.122,68.026,87.225,271.6,295.4,297.854,298.467,1,4,4
141,df264c50-eae8-46b8-ab3e-f55942f7a263,CAdf264c50eae846b8ab3ef55942f7a2,MZdf264c50eae846b8ab3ef55942f7a2,4,78.297,79.808,142.408,152.168,73.869,78.58,292.735,309.609,310.655,310.916,0,4,4
142,2e1a2b6d-b8db-46af-b749-a9e92df3bac1,CA2e1a2b6db8db46afb749a9e92df3ba,MZ2e1a2b6db8db46afb749a9e92df3ba,4,64.425,73.254,130.51,156.087,69.633,83.553,272.506,278.001,278.607,278.758,0,4,4
143,eb71667a-01c0-4b63-9fa2-28c197d13ec7,CAeb71667a01c04b639fa228c197d13e,MZeb71667a01c04b639fa228c197d13e,4,68.146,77.279,136.729,153.111,74.525,92.906,288.948,300.257,300.831,300.975,0,4,4
144,66d6ac7f-e219-42f9-972b-c722ae8a559c,CA66d6ac7fe21942f9972bc722ae8a55,MZ66d6ac7fe21942f9972bc722ae8a55,4,77.695,81.283,145.333,163.884,65.829,86.49,292.126,307.777,309.124,309.461,0,4,4
145,3fb1a694-0570-43a3-ad5e-44948f8fcf31,CA3fb1a694057043a3ad5e44948f8fcf,MZ3fb1a694057043a3ad5e44948f8fcf,5,62.746,75.246,132.935,172.605,72.464,85.866,295.622,299.342,299.669,299.751,1,4,4
146,4edd39e6-fab5-4c2a-ba3f-34fb78aa5ede,CA4edd39e6fab54c2aba3f34fb78aa5e,MZ4edd39e6fab54c2aba3f34fb78aa5e,4,65.142,73.047,153.238,167.883,84.013,86.642,304.292,313.14,313.69,313.827,0,4,4
147,16ed20e6-09e1-41b1-8d32-9de94abae6b6,CA16ed20e609e141b18d329de94abae6,MZ16ed20e609e141b18d329de94abae6,4,71.867,76.798,159.347,164.747,82.885,90.866,314.447,329.612,330.034,330.14,0,4,4
148,2c4dd7bb-9bb1-4cf2-b8f0-3b7dd10e6c30,CA2c4dd7bb9bb14cf2b8f03b7dd10e6c,MZ2c4dd7bb9bb14cf2b8f03b7dd10e6c,4,67.189,67.773,132.95,146.671,69.223,89.552,269.304,276.33,277.28,277.517,0,4,4
149,f6da1de1-4493-4633-b1fc-ab6dc69966e6,CAf6da1de144934633b1fcab6dc69966,MZf6da1de144934633b1fcab6dc69966,4,63.314,65.847,143.697,168.896,78.928,90.702,295.612,302.694,303.456,303.646,0,4,4
150,d4688647-74ff-4f38-b575-da3ae8cef7da,CAd468864774ff4f38b575da3ae8cef7,MZd468864774ff4f38b575da3ae8cef7,5,68.243,73.033,134.28,146.151,89.367,94.436,297.5,309.041,310.395,310.733,1,4,4
151,f3755618-6157-42bf-a70c-488f41e1f8e3,CAf3755618615742bfa70c488f41e1f8,MZf3755618615742bfa70c488f41e1f8,4,52.094,73.342,144.096,162.104,72.478,85.501,276.416,293.736,295.241,295.617,0,4,4
152,3459a9f6-02f5-4f52-8ef9-8079068cd4f8,CA3459a9f602f54f528ef98079068cd4,MZ3459a9f602f54f528ef98079068cd4,4,54.823,69.386,149.612,157.765,73.644,91.368,287.741,302.328,302.934,303.086,0,4,4
153,79b410ec-bf50-4782-ac9b-811f9bb83385,CA79b410ecbf504782ac9b811f9bb833,MZ79b410ecbf504782ac9b811f9bb833,4,72.627,78.71,165.135,173.247,74.017,79.887,312.438,330.464,331.243,331.438,0,4,4
154,b6193603-0115-4636-8527-a7192fb7b958,CAb6193603011546368527a7192fb7b9,MZb6193603011546368527a7192fb7b9,4,64.79,71.022,135.772,150.457,74.805,84.333,279.857,295.977,297.644,298.061,0,4,4
155,ddff05af-0650-4519-be88-73443e9f0e85,CAddff05af06504519be8873443e9f0e,MZddff05af06504519be8873443e9f0e,5,68.657,77.911,135.877,152.93,75.834,90.223,284.576,306.59,307.776,308.073,1,4,4
156,593ed5a9-18e2-40c6-8c41-a77a23f0ebe6,CA593ed5a918e240c68c41a77a23f0eb,MZ593ed5a918e240c68c41a77a23f0eb,4,68.33,79.321,154.599,171.982,87.541,89.596,312.079,337.007,340.034,340.791,0,4,4
157,9be678ba-09e9-4d0f-9858-58449967b48a,CA9be678ba09e94d0f985858449967b4,MZ9be678ba09e94d0f985858449967b4,4,68.819,77.561,142.125,145.592,70.811,84.332,276.72,307.486,309.171,309.592,0,4,4
158,ba0d1a5b-c835-4529-87a3-dcb69d39cb24,CAba0d1a5bc835452987a3dcb69d39cb,MZba0d1a5bc835452987a3dcb69d39cb,4,75.195,81.461,142.834,158.07,80.909,92.914,297.478,316.496,318.333,318.792,0,4,4
159,4731cb02-fa3d-4d40-a986-799b501e7fdc,CA4731cb02fa3d4d40a986799b501e7f,MZ4731cb02fa3d4d40a986799b501e7f,4,63.978,80.644,147.389,164.39,81.287,90.748,281.942,321.921,326.375,327.488,0,4,4
160,825a4b77-0a2f-486a-87c4-b0720b0e621f,CA825a4b770a2f486a87c4b0720b0e62,MZ825a4b770a2f486a87c4b0720b0e62,5,59.856,74.34,160.312,163.061,69.348,71.563,280.233,302.628,305.198,305.841,1,4,4
161,983a2606-c6f9-402b-a565-34ae1c1bc57e,CA983a2606c6f9402ba56534ae1c1bc5,MZ983a2606c6f9402ba56534ae1c1bc5,4,69.643,71.348,147.688,167.274,64.463,74.741,281.533,305.656,306.098,306.209,0,4,4
162,747793ae-4948-498d-841f-35863e12c5a0,CA747793ae4948498d841f35863e12c5,MZ747793ae4948498d841f35863e12c5,4,71.598,77.015,151.394,168.947,76.477,86.424,300.639,306.749,307.195,307.306,0,4,4
163,c61b3214-92c4-4c56-b46c-38cd2fd06c9f,CAc61b321492c44c56b46c38cd2fd06c,MZc61b321492c44c56b46c38cd2fd06c,4,54.13,62.814,126.849,151.452,67.352,70.413,250.399,273.753,276.964,277.767,0,4,4
164,b4743691-18a0-426c-be18-2074b74e1b10,CAb474369118a0426cbe182074b74e1b,MZb474369118a0426cbe182074b74e1b,4,55.127,74.344,120.064,153.824,88.246,94.581,273.349,302.382,305.394,306.147,0,4,4
165,6f89848a-aad1-4a81-ab60-4bea7443eb28,CA6f89848aaad14a81ab604bea7443eb,MZ6f89848aaad14a81ab604bea7443eb,5,55.0,63.396,150.485,172.118,81.51,92.656,301.572,309.283,310.015,310.198,1,4,4
166,e71c5c3a-2831-4e6b-8c5c-bfa2a9f1e440,CAe71c5c3a28314e6b8c5cbfa2a9f1e4,MZe71c5c3a28314e6b8c5cbfa2a9f1e4,4,70.522,74.662,143.983,172.123,88.417,94.623,294.299,318.875,321.638,322.329,0,4,4
167,4e5f45cd-339d-49c3-afad-a06a30f77813,CA4e5f45cd339d49c3afada06a30f778,MZ4e5f45cd339d49c3afada06a30f778,4,60.656,73.674,133.642,153.877,71.892,74.79,268.131,289.701,290.35,290.512,0,4,4
168,84272c5f-b531-41e3-b8a0-5a7c8b379255,CA84272c5fb53141e3b8a05a7c8b3792,MZ84272c5fb53141e3b8a05a7c8b3792,4,75.68,80.804,144.517,147.266,71.761,75.861,290.796,303.007,304.494,304.866,0,4,4
169,b70418fd-fe41-43d6-a434-97b71155f2eb,CAb70418fdfe4143d6a43497b71155f2,MZb70418fdfe4143d6a43497b71155f2,4,77.287,79.858,129.684,160.453,90.746,92.852,293.271,306.736,307.897,308.187,0,4,4
170,2fb79f7f-bfb5-46e5-a6ef-a14e245d65c5,CA2fb79f7fbfb546e5a6efa14e245d65,MZ2fb79f7fbfb546e5a6efa14e245d65,5,56.585,65.945,130.0,160.915,61.84,68.919,255.0,288.445,292.733,293.805,1,4,4
171,d4b086ec-fa98-46b5-84c7-8c2bfefac28d,CAd4b086ecfa9846b584c78c2bfefac2,MZd4b086ecfa9846b584c78c2bfefac2,4,71.64,78.513,133.731,141.761,71.227,92.271,280.584,295.589,297.562,298.055,0,4,4
172,707d9075-ed0e-4b49-8dc2-5e10ed0f7d2a,CA707d9075ed0e4b498dc25e10ed0f7d,MZ707d9075ed0e4b498dc25e10ed0f7d,4,62.327,76.383,148.071,156.289,79.311,91.486,289.195,302.48,303.318,303.528,0,4,4
173,976e5b9f-49d3-4680-a4c3-c802f685da42,CA976e5b9f49d34680a4c3c802f685da,MZ976e5b9f49d34680a4c3c802f685da,4,68.381,71.862,149.5,159.517,65.65,75.818,285.935,295.654,296.153,296.278,0,4,4
174,795785a2-860e-4066-b886-cded46fbabe1,CA795785a2860e4066b886cded46fbab,MZ795785a2860e4066b886cded46fbab,4,59.739,75.331,138.508,162.545,72.457,76.481,283.18,294.337,294.959,295.114,0,4,4
175,702134e2-6a20-47dd-a0f4-ecd0f0695b35,CA702134e26a2047dda0f4ecd0f0695b,MZ702134e26a2047dda0f4ecd0f0695b,5,52.49,66.967,126.939,146.801,70.0,78.333,248.981,291.609,298.931,300.761,1,4,4
176,6a49dca2-cef9-4042-899e-ab1edf9cfc0b,CA6a49dca2cef94042899eab1edf9cfc,MZ6a49dca2cef94042899eab1edf9cfc,4,66.109,76.582,119.27,137.944,77.618,80.693,268.83,285.784,287.712,288.194,0,4,4
177,11ea9708-ddce-4bb9-9bd2-6c125da77d77,CA11ea9708ddce4bb99bd26c125da77d,MZ11ea9708ddce4bb99bd26c125da77d,4,55.189,75.258,127.603,141.453,86.187,92.962,260.851,307.543,313.657,315.185,0,4,4
178,3253aaa0-30d1-4531-961c-10f0cac1c50d,CA3253aaa030d14531961c10f0cac1c5,MZ3253aaa030d14531961c10f0cac1c5,4,66.82,77.203,127.423,158.199,73.811,78.772,268.219,308.883,313.021,314.055,0,4,4
179,dd723c7c-8c49-4f06-9050-67cd5a79ad2f,CAdd723c7c8c494f06905067cd5a79ad,MZdd723c7c8c494f06905067cd5a79ad,4,63.685,68.989,147.756,160.227,94.1,94.598,297.343,321.921,324.949,325.706,0,4,4
180,84abbaa4-af84-4e6e-99f5-5a72c8f3eb29,CA84abbaa4af844e6e99f55a72c8f3eb,MZ84abbaa4af844e6e99f55a72c8f3eb,5,55.0,68.962,130.0,165.04,70.0,83.124,255.0,312.463,313.256,313.454,1,4,4
181,043b6511-fe81-4665-bc1f-34149217dcb3,CA043b6511fe814665bc1f34149217dc,MZ043b6511fe814665bc1f34149217dc,4,63.733,75.041,140.368,163.305,76.052,92.517,272.468,328.007,334.274,335.841,0,4,4
182,36bbd592-4e29-445f-a81d-7d7be29ac344,CA36bbd5924e29445fa81d7d7be29ac3,MZ36bbd5924e29445fa81d7d7be29ac3,4,57.63,65.535,152.841,168.637,72.858,78.577,285.279,305.084,306.127,306.388,0,4,4
183,ca493d15-4621-427f-82ce-3a10f78cc8d0,CAca493d154621427f82ce3a10f78cc8,MZca493d154621427f82ce3a10f78cc8,4,61.968,64.531,158.178,173.55,69.425,82.084,294.293,305.874,307.268,307.616,0,4,4
184,1a00e755-1992-41c3-bb96-067595e2ad1b,CA1a00e755199241c3bb96067595e2ad,MZ1a00e755199241c3bb96067595e2ad,4,77.948,80.768,127.076,137.332,73.523,91.689,272.087,308.595,312.985,314.082,0,4,4
185,4800d14b-d5c1-439a-ab7c-a1723de15079,CA4800d14bd5c1439aab7ca1723de150,MZ4800d14bd5c1439aab7ca1723de150,5,55.0,65.5,144.39,156.363,70.0,83.267,272.6,294.124,296.446,297.027,1,4,4
186,4efb8780-fedb-4d4f-978d-2a852130b079,CA4efb8780fedb4d4f978d2a852130b0,MZ4efb8780fedb4d4f978d2a852130b0,4,58.226,76.95,136.695,150.648,80.026,84.1,279.165,293.082,294.488,294.84,0,4,4
187,efa0ea2d-dfeb-4931-8438-463d1d5fbd3e,CAefa0ea2ddfeb49318438463d1d5fbd,MZefa0ea2ddfeb49318438463d1d5fbd,4,58.391,73.861,148.732,163.444,64.583,73.532,279.28,285.924,286.506,286.652,0,4,4
188,31340e4f-c920-4502-8fc5-e096efcae1fa,CA31340e4fc92045028fc5e096efcae1,MZ31340e4fc92045028fc5e096efcae1,4,68.828,80.488,154.536,170.212,76.852,88.183,304.173,314.475,314.64,314.681,0,4,4
189,bd61dc64-504e-4897-a462-04584351463a,CAbd61dc64504e4897a4620458435146,MZbd61dc64504e4897a4620458435146,4,53.153,63.743,136.399,158.771,82.384,92.225,275.987,303.497,304.711,305.015,0,4,4
190,29957c34-cf99-43f6-a259-9462b2c1b8b5,CA29957c34cf9943f6a2599462b2c1b8,MZ29957c34cf9943f6a2599462b2c1b8,5,57.887,77.823,139.24,165.933,70.0,78.136,270.274,302.807,307.214,308.316,1,4,4
191,107521e8-a8da-4323-a2f7-1449dc7be0f2,CA107521e8a8da4323a2f71449dc7be0,MZ107521e8a8da4323a2f71449dc7be0,4,61.072,73.121,158.965,168.499,80.291,93.892,302.716,327.019,328.708,329.13,0,4,4
192,8cf430f6-c69b-4309-bb68-f1d70cb4cfc8,CA8cf430f6c69b4309bb68f1d70cb4cf,MZ8cf430f6c69b4309bb68f1d70cb4cf,4,70.103,78.326,155.423,172.018,73.792,89.329,295.188,324.88,328.716,329.675,0,4,4
193,4769f1d6-80ca-4153-b1f5-27f357303328,CA4769f1d680ca4153b1f527f3573033,MZ4769f1d680ca4153b1f527f3573033,4,63.697,74.226,138.589,144.906,83.699,90.18,281.504,287.777,288.177,288.277,0,4,4
194,2e69982a-39c8-466f-8de1-c5fef9f9c7d2,CA2e69982a39c8466f8de1c5fef9f9c7,MZ2e69982a39c8466f8de1c5fef9f9c7,4,66.89,70.782,147.933,171.086,65.196,80.064,271.483,320.202,326.254,327.767,0,4,4
195,91905e47-a34e-4bad-946d-4911151c7c67,CA91905e47a34e4bad946d4911151c7c,MZ91905e47a34e4bad946d4911151c7c,5,55.0,75.09,158.678,168.109,71.684,89.397,278.588,329.276,336.578,338.404,1,4,4
196,e5045062-7d5e-4616-ba1d-30f48927f1b7,CAe50450627d5e4616ba1d30f48927f1,MZe50450627d5e4616ba1d30f48927f1,4,71.343,76.825,153.537,170.999,82.225,93.288,308.632,312.019,312.417,312.517,0,4,4
197,5c3f065b-49d5-4f93-83a4-b9b872a38fd9,CA5c3f065b49d54f9383a4b9b872a38f,MZ5c3f065b49d54f9383a4b9b872a38f,4,73.8,79.884,128.774,166.026,79.031,91.556,289.913,305.327,306.608,306.928,0,4,4
198,65c0b8fc-fb86-4853-9cd1-6c6f89475a85,CA65c0b8fcfb8648539cd16c6f89475a,MZ65c0b8fcfb8648539cd16c6f89475a,4,64.25,78.532,141.964,162.717,83.803,93.919,297.967,313.639,315.784,316.32,0,4,4
199,78ca5b86-3da0-4f70-ba40-2ac918b07683,CA78ca5b863da04f70ba402ac918b076,MZ78ca5b863da04f70ba402ac918b076,4,69.26,75.739,121.906,165.954,77.605,90.149,274.807,307.777,311.116,311.951,0,4,4
